feature,alert_mean,non_alert_mean,alert_std,non_alert_std,separability_ratio
total_txn_amt,318696.0607569721,100467.81702204766,1691119.5514980357,2545883.002448123,3.1721208860730217
total_txn_count,12.74601593625498,2.458500407425482,30.483021344559507,17.210619553333675,5.184465584505188
total_to_amt,324572.01195219124,100464.53791113566,989199.7013858329,2157709.876973583,3.2307122363520517
total_to_count,21.133466135458168,2.4538197389586585,76.94103163132384,15.806037253851805,8.612473519327533
avg_txn_amt,17345.336671605142,10901.77633237249,58338.64459136499,106050.22147660803,1.59105600236061
num_unique_to_accts,7.365537848605578,1.2325760295969879,20.1569328466463,7.946357259966075,5.975722142910506
is_alert,1.0,0.0,0.0,0.0,1000000.0
